<annotation>
	<folder>images</folder>
	<filename>banana2.jpg</filename>
	<path>/Users/yuze/Documents/20232/人工智能原理/实验/大作业/images_from_google/images/banana2.jpg</path>
	<source>
		<database>Unknown</database>
	</source>
	<size>
		<width>259</width>
		<height>194</height>
		<depth>3</depth>
	</size>
	<segmented>0</segmented>
	<object>
		<name>banana</name>
		<pose>Unspecified</pose>
		<truncated>0</truncated>
		<difficult>0</difficult>
		<bndbox>
			<xmin>14</xmin>
			<ymin>17</ymin>
			<xmax>150</xmax>
			<ymax>170</ymax>
		</bndbox>
	</object>
	<object>
		<name>banana</name>
		<pose>Unspecified</pose>
		<truncated>0</truncated>
		<difficult>0</difficult>
		<bndbox>
			<xmin>48</xmin>
			<ymin>28</ymin>
			<xmax>209</xmax>
			<ymax>161</ymax>
		</bndbox>
	</object>
	<object>
		<name>banana</name>
		<pose>Unspecified</pose>
		<truncated>0</truncated>
		<difficult>0</difficult>
		<bndbox>
			<xmin>54</xmin>
			<ymin>17</ymin>
			<xmax>228</xmax>
			<ymax>109</ymax>
		</bndbox>
	</object>
</annotation>
