<annotation>
	<folder>images</folder>
	<filename>banana4.jpg</filename>
	<path>/Users/yuze/Documents/20232/人工智能原理/实验/大作业/images_from_google/images/banana4.jpg</path>
	<source>
		<database>Unknown</database>
	</source>
	<size>
		<width>259</width>
		<height>194</height>
		<depth>3</depth>
	</size>
	<segmented>0</segmented>
	<object>
		<name>banana</name>
		<pose>Unspecified</pose>
		<truncated>0</truncated>
		<difficult>0</difficult>
		<bndbox>
			<xmin>67</xmin>
			<ymin>38</ymin>
			<xmax>203</xmax>
			<ymax>152</ymax>
		</bndbox>
	</object>
</annotation>
