<annotation>
	<folder>images</folder>
	<filename>mixed3.jpg</filename>
	<path>/Users/yuze/Documents/20232/人工智能原理/实验/大作业/images_from_google/images/mixed3.jpg</path>
	<source>
		<database>Unknown</database>
	</source>
	<size>
		<width>245</width>
		<height>205</height>
		<depth>3</depth>
	</size>
	<segmented>0</segmented>
	<object>
		<name>apple</name>
		<pose>Unspecified</pose>
		<truncated>0</truncated>
		<difficult>0</difficult>
		<bndbox>
			<xmin>28</xmin>
			<ymin>46</ymin>
			<xmax>126</xmax>
			<ymax>158</ymax>
		</bndbox>
	</object>
	<object>
		<name>orange</name>
		<pose>Unspecified</pose>
		<truncated>0</truncated>
		<difficult>0</difficult>
		<bndbox>
			<xmin>95</xmin>
			<ymin>51</ymin>
			<xmax>224</xmax>
			<ymax>178</ymax>
		</bndbox>
	</object>
</annotation>
